<?xml version="1.0" encoding="UTF-8"?>
<sql-script>
	<version>1.0.0</version>
	<name>script</name>
	<description></description>
	<tran-sql>
    <![CDATA[
    	create table sf_cms_news_category (
    		id char(32) not null,
    		parentid char(32),
    		name varchar2(32 char) not null,
    		text varchar2(32 char) not null,
    		viewtemplate number(4) not null,
    		mark number(4) not null,
    		createdate timestamp not null,
        userid char(32) not null,
    		description varchar2(256 char),
        oorder number(11) not null,
        primary key(id),
        unique (name),
        unique (parentid, text)
    	);
    ]]>
	</tran-sql>
	<tran-sql>
    <![CDATA[
    	create table sf_cms_news (
       	id char(32) not null,
        categoryid char(32) not null,
        status number(4) not null,
        createdate timestamp not null,
        userid char(32) not null,
        topic varchar2(128 char) not null,
        keywords varchar2(128 char),
        author varchar2(32 char),
        source varchar2(32 char),
        content clob,
        recommendation number(11) not null,
        imagemark number(1) not null,
        comments number(11) not null,
        allowcomments number(1) not null,
        attentions number(11) not null,
        views number(11) not null,
        description varchar2(256 char),
       	oorder number(11) not null,
        primary key(id)
      );
    ]]>
	</tran-sql>
	<tran-sql>
    <![CDATA[
      create table sf_cms_attachment (
        id char(32) not null,
        contentid char(32) not null,
        md5 char(32) not null,
       	topic varchar2(128 char) not null,
       	attachtype varchar2(16 char),
       	attachsize number(20) not null,
       	downloads number(11) not null,
       	description varchar2(256 char),
        primary key(id),
        unique (md5, topic, attachtype)
      );
    ]]>
	</tran-sql>
	<tran-sql>
    <![CDATA[
      create table sf_cms_attachment_lob (
        md char(32) not null,
        attachment blob not null,
        primary key(md)
      );
    ]]>
	</tran-sql>
	<tran-sql>
    <![CDATA[
    	create table sf_cms_comment (
        id char(32) not null,
        parentid char(32),
        contentid char(32) not null,
        createdate timestamp not null,
        userid char(32) not null,
       	content clob not null,
        primary key(id)
      );
    ]]>
	</tran-sql>
</sql-script>
